time,temperature,humidity,co2
00:24:29,18.1,57.0,423.3
00:24:29,19.8,60.5,669.2
00:24:30,18.8,51.7,402.0
00:24:30,19.4,79.9,784.8
00:24:31,18.5,73.3,468.5
00:24:31,15.2,70.5,579.3
00:24:32,19.5,41.1,1059.3
00:24:32,17.2,54.9,560.5
00:24:33,18.8,59.0,877.3
00:24:33,17.9,60.9,462.5
00:24:35,19.1,50.0,846.9
00:24:36,19.9,77.2,948.0
00:24:36,19.9,53.6,418.1
00:24:37,21.5,73.9,941.0
00:24:37,17.8,45.0,850.9
00:24:38,19.9,77.1,669.7
00:24:38,20.4,48.8,540.8
00:24:39,15.6,70.1,555.9
00:24:39,21.8,58.7,496.2
00:24:40,15.5,55.8,731.4
00:24:48,17.5,61.1,690.0
00:24:49,18.2,58.2,889.4
00:24:49,21.0,75.2,792.6
00:24:50,18.6,46.7,882.5
00:24:50,18.6,59.8,825.0
00:24:51,16.3,68.3,1038.3
00:24:51,20.2,41.2,987.1
00:24:52,16.3,49.8,974.9
00:24:52,16.7,49.1,737.0
00:24:53,19.3,54.4,746.5
